{
  "properties": {
    "connectionReferences": {
      "shared_commondataserviceforapps": {
        "runtimeSource": "embedded",
        "connection": {
          "connectionReferenceLogicalName": "han_DataverseConnect"
        },
        "api": {
          "name": "shared_commondataserviceforapps"
        }
      },
      "shared_office365": {
        "runtimeSource": "invoker",
        "connection": {
          "connectionReferenceLogicalName": "han_sharedoffice365_cc465"
        },
        "api": {
          "name": "shared_office365"
        }
      },
      "shared_office365users_1": {
        "runtimeSource": "invoker",
        "connection": {
          "connectionReferenceLogicalName": "han_O365usersConnect"
        },
        "api": {
          "name": "shared_office365users"
        }
      }
    },
    "definition": {
      "$schema": "https://schema.management.azure.com/providers/Microsoft.Logic/schemas/2016-06-01/workflowdefinition.json#",
      "contentVersion": "1.0.0.0",
      "parameters": {
        "$connections": {
          "defaultValue": {},
          "type": "Object"
        },
        "$authentication": {
          "defaultValue": {},
          "type": "SecureObject"
        }
      },
      "triggers": {
        "manual": {
          "metadata": {
            "operationMetadataId": "aca1eb66-fdc4-4af6-b3ef-20bce64cba25"
          },
          "type": "Request",
          "kind": "PowerAppV2",
          "inputs": {
            "schema": {
              "type": "object",
              "properties": {
                "text": {
                  "title": "dateOne",
                  "type": "string",
                  "x-ms-dynamically-added": true,
                  "description": "Please enter your input",
                  "x-ms-content-hint": "TEXT"
                },
                "text_1": {
                  "title": "dateTwo",
                  "type": "string",
                  "x-ms-dynamically-added": true,
                  "description": "Please enter your input",
                  "x-ms-content-hint": "TEXT"
                },
                "text_2": {
                  "title": "timeZone",
                  "type": "string",
                  "x-ms-dynamically-added": true,
                  "description": "Please enter your input",
                  "x-ms-content-hint": "TEXT"
                }
              },
              "required": [
                "text",
                "text_1",
                "text_2"
              ]
            }
          }
        }
      },
      "actions": {
        "dateOneStart": {
          "runAfter": {},
          "metadata": {
            "operationMetadataId": "cab71cb6-8ed6-4f0b-8728-0b33787388fc"
          },
          "type": "InitializeVariable",
          "inputs": {
            "variables": [
              {
                "name": "dateOneStartVar",
                "type": "string",
                "value": "@{formatdatetime(triggerBody()['text'], 'MM-dd-yyyy')}"
              }
            ]
          }
        },
        "dateTwoStart": {
          "runAfter": {
            "dateOneEndVar": [
              "Succeeded"
            ]
          },
          "metadata": {
            "operationMetadataId": "b4542f18-2cbc-4d11-a41b-e79711a2bea6"
          },
          "type": "InitializeVariable",
          "inputs": {
            "variables": [
              {
                "name": "dateTwoStartVar",
                "type": "string",
                "value": "@{formatdatetime(triggerBody()['text_1'], 'MM-dd-yyyy')}"
              }
            ]
          },
          "description": "Same process as above. we get the start of the Date"
        },
        "dateOneListRows": {
          "runAfter": {
            "Currency_Symbol": [
              "Succeeded"
            ]
          },
          "metadata": {
            "operationMetadataId": "5b72bbaa-2931-430e-97df-9129314c24dd"
          },
          "type": "OpenApiConnection",
          "inputs": {
            "host": {
              "connectionName": "shared_commondataserviceforapps",
              "operationId": "ListRecords",
              "apiId": "/providers/Microsoft.PowerApps/apis/shared_commondataserviceforapps"
            },
            "parameters": {
              "entityName": "cr882_expensehistories",
              "$select": "cr882_expensedate,  cr882_itemcomment, cr882_itemprice, cr882_itemquantity, cr882_expensetotal, _cr882_items_value",
              "$filter": "cr882_expensedate ge '@{convertToUtc(variables('dateOneStartVar'),triggerBody()['text_2'])}' and cr882_expensedate le '@{convertToUtc(variables('dateOneEndVar'),triggerBody()['text_2'])}'",
              "$orderby": "cr882_expensedate asc"
            },
            "authentication": "@parameters('$authentication')"
          }
        },
        "dateOneEndVar": {
          "runAfter": {
            "Add_to_time": [
              "Succeeded"
            ]
          },
          "metadata": {
            "operationMetadataId": "42f83a3f-3cb0-4358-be92-81c3f7cd591a"
          },
          "type": "InitializeVariable",
          "inputs": {
            "variables": [
              {
                "name": "dateOneEndVar",
                "type": "string",
                "value": "@{addDays(startOfMonth(body('Add_to_time')),-1,'MM-dd-yyyy')}"
              }
            ]
          },
          "description": "Here is where the substraction above occurs"
        },
        "Add_to_time": {
          "runAfter": {
            "dateOneStart": [
              "Succeeded"
            ]
          },
          "metadata": {
            "operationMetadataId": "1cc057f1-e110-40a8-be8a-a037bc5b8d4a"
          },
          "type": "Expression",
          "kind": "AddToTime",
          "inputs": {
            "baseTime": "@variables('dateOneStartVar')",
            "interval": 1,
            "timeUnit": "Month"
          },
          "description": "We use this action to add a month to the previous date with the purpose of substracting 1 day later and getting the latest day of the month"
        },
        "Add_to_time_2": {
          "runAfter": {
            "dateTwoStart": [
              "Succeeded"
            ]
          },
          "metadata": {
            "operationMetadataId": "1a706403-eb3b-4f03-8989-e6fb3acbd0f2"
          },
          "type": "Expression",
          "kind": "AddToTime",
          "inputs": {
            "baseTime": "@variables('dateTwoStartVar')",
            "interval": 1,
            "timeUnit": "Month"
          }
        },
        "dateTwoEndVar": {
          "runAfter": {
            "Add_to_time_2": [
              "Succeeded"
            ]
          },
          "metadata": {
            "operationMetadataId": "42f83a3f-3cb0-4358-be92-81c3f7cd591a"
          },
          "type": "InitializeVariable",
          "inputs": {
            "variables": [
              {
                "name": "dateTwoEndVar",
                "type": "string",
                "value": "@{addDays(startOfMonth(body('Add_to_time_2')),-1,'MM-dd-yyyy')}"
              }
            ]
          },
          "description": "Then calculate the end of the month here, for the query"
        },
        "dateTwoListRows": {
          "runAfter": {
            "Currency_Symbol": [
              "Succeeded"
            ]
          },
          "metadata": {
            "operationMetadataId": "1fd5ff32-b9d7-408b-921f-c4aff8b4c470"
          },
          "type": "OpenApiConnection",
          "inputs": {
            "host": {
              "connectionName": "shared_commondataserviceforapps",
              "operationId": "ListRecords",
              "apiId": "/providers/Microsoft.PowerApps/apis/shared_commondataserviceforapps"
            },
            "parameters": {
              "entityName": "cr882_expensehistories",
              "$select": "cr882_expensedate,  cr882_itemcomment, cr882_itemprice, cr882_itemquantity, cr882_expensetotal, _cr882_items_value",
              "$filter": "cr882_expensedate ge '@{convertToUtc(variables('dateTwoStartVar'),triggerBody()['text_2'])}' and cr882_expensedate le '@{convertToUtc(variables('dateTwoEndVar'),triggerBody()['text_2'])}' ",
              "$orderby": "cr882_expensedate asc"
            },
            "authentication": "@parameters('$authentication')"
          }
        },
        "Apply_to_each": {
          "foreach": "@outputs('dateOneListRows')?['body/value']",
          "actions": {
            "Get_a_row_by_ID": {
              "runAfter": {},
              "metadata": {
                "operationMetadataId": "4ee148ff-6603-4606-930e-896fc78bf214"
              },
              "type": "OpenApiConnection",
              "inputs": {
                "host": {
                  "connectionName": "shared_commondataserviceforapps",
                  "operationId": "GetItem",
                  "apiId": "/providers/Microsoft.PowerApps/apis/shared_commondataserviceforapps"
                },
                "parameters": {
                  "entityName": "cr882_itemses",
                  "recordId": "@items('Apply_to_each')?['_cr882_items_value']"
                },
                "authentication": "@parameters('$authentication')"
              }
            },
            "Append_to_array_variable": {
              "runAfter": {
                "Get_a_row_by_ID": [
                  "Succeeded"
                ]
              },
              "metadata": {
                "operationMetadataId": "06ba82b1-7eda-4f73-8b5e-2e6cda61f2ee"
              },
              "type": "AppendToArrayVariable",
              "inputs": {
                "name": "preprintJsonArrayReportDateone",
                "value": {
                  "Category": "@outputs('Get_a_row_by_ID')?['body/_cr882_fk_typeexpense_value@OData.Community.Display.V1.FormattedValue']",
                  "Item": "@outputs('Get_a_row_by_ID')?['body/cr882_itemname']",
                  "Date": "@formatDateTime(convertFromUtc(items('Apply_to_each')?['cr882_expensedate'],triggerBody()['text_2']), 'yyyy-M-dd')",
                  "Comment": "@items('Apply_to_each')?['cr882_itemcomment']",
                  "Price": "@concat(outputs('Currency_Symbol'), ' ',formatnumber(float(items('Apply_to_each')?['cr882_itemprice']), 'N2'))",
                  "Quantity": "@items('Apply_to_each')?['cr882_itemquantity']",
                  "Total": "@concat(outputs('Currency_Symbol'), ' ',formatnumber(float(items('Apply_to_each')?['cr882_expensetotal']), 'N2'))"
                }
              }
            },
            "Increment_variable": {
              "runAfter": {
                "Append_to_array_variable": [
                  "Succeeded"
                ]
              },
              "metadata": {
                "operationMetadataId": "7eb36b98-f749-4ecb-a471-8a6d7ea0e642"
              },
              "type": "IncrementVariable",
              "inputs": {
                "name": "totalDateOne",
                "value": "@float(items('Apply_to_each')?['cr882_expensetotal'])"
              }
            }
          },
          "runAfter": {
            "dateOneListRows": [
              "Succeeded"
            ]
          },
          "metadata": {
            "operationMetadataId": "bf34427a-0917-4241-b70c-5d8852ad857e"
          },
          "type": "Foreach",
          "runtimeConfiguration": {
            "concurrency": {
              "repetitions": 1
            }
          }
        },
        "Apply_to_each_2": {
          "foreach": "@outputs('dateTwoListRows')?['body/value']",
          "actions": {
            "Get_a_row_by_ID_2": {
              "runAfter": {},
              "metadata": {
                "operationMetadataId": "4ee148ff-6603-4606-930e-896fc78bf214"
              },
              "type": "OpenApiConnection",
              "inputs": {
                "host": {
                  "connectionName": "shared_commondataserviceforapps",
                  "operationId": "GetItem",
                  "apiId": "/providers/Microsoft.PowerApps/apis/shared_commondataserviceforapps"
                },
                "parameters": {
                  "entityName": "cr882_itemses",
                  "recordId": "@items('Apply_to_each_2')?['_cr882_items_value']"
                },
                "authentication": "@parameters('$authentication')"
              }
            },
            "Append_to_array_variable_2": {
              "runAfter": {
                "Get_a_row_by_ID_2": [
                  "Succeeded"
                ]
              },
              "metadata": {
                "operationMetadataId": "06ba82b1-7eda-4f73-8b5e-2e6cda61f2ee"
              },
              "type": "AppendToArrayVariable",
              "inputs": {
                "name": "preprintJsonArrayReportDateTwo",
                "value": {
                  "Category": "@outputs('Get_a_row_by_ID_2')?['body/_cr882_fk_typeexpense_value@OData.Community.Display.V1.FormattedValue']",
                  "Item": "@outputs('Get_a_row_by_ID_2')?['body/cr882_itemname']",
                  "Date": "@formatDateTime(convertFromUtc(items('Apply_to_each_2')?['cr882_expensedate'],triggerBody()['text_2']), 'yyyy-M-dd')",
                  "Comment": "@items('Apply_to_each_2')?['cr882_itemcomment']",
                  "Price": "@concat(outputs('Currency_Symbol'), ' ',formatnumber(float(items('Apply_to_each_2')?['cr882_itemprice']), 'N2'))",
                  "Quantity": "@items('Apply_to_each_2')?['cr882_itemquantity']",
                  "Total": "@concat(outputs('Currency_Symbol'), ' ',formatnumber(float(items('Apply_to_each_2')?['cr882_expensetotal']), 'N2'))"
                }
              }
            },
            "Increment_variable_2": {
              "runAfter": {
                "Append_to_array_variable_2": [
                  "Succeeded"
                ]
              },
              "metadata": {
                "operationMetadataId": "29824e75-fba5-4cc5-a195-a6b674c87708"
              },
              "type": "IncrementVariable",
              "inputs": {
                "name": "totalDateTwo",
                "value": "@float(items('Apply_to_each_2')?['cr882_expensetotal'])"
              }
            }
          },
          "runAfter": {
            "dateTwoListRows": [
              "Succeeded"
            ]
          },
          "metadata": {
            "operationMetadataId": "bf34427a-0917-4241-b70c-5d8852ad857e"
          },
          "type": "Foreach",
          "runtimeConfiguration": {
            "concurrency": {
              "repetitions": 1
            }
          }
        },
        "JSONArrayReportDayOne": {
          "runAfter": {
            "dateTwoEndVar": [
              "Succeeded"
            ]
          },
          "metadata": {
            "operationMetadataId": "c124da2d-e447-4ec2-9a08-1b1012386197"
          },
          "type": "InitializeVariable",
          "inputs": {
            "variables": [
              {
                "name": "preprintJsonArrayReportDateone",
                "type": "array",
                "value": []
              }
            ]
          }
        },
        "JSONArrayReportDateTwo": {
          "runAfter": {
            "JSONArrayReportDayOne": [
              "Succeeded"
            ]
          },
          "metadata": {
            "operationMetadataId": "ad543d0e-aed4-404a-ae96-aac6f5ac9a87"
          },
          "type": "InitializeVariable",
          "inputs": {
            "variables": [
              {
                "name": "preprintJsonArrayReportDateTwo",
                "type": "array",
                "value": []
              }
            ]
          }
        },
        "Create_HTML_table": {
          "runAfter": {
            "Apply_to_each": [
              "Succeeded"
            ]
          },
          "metadata": {
            "operationMetadataId": "beb1a73b-4680-49cb-bcc4-39d00252022e"
          },
          "type": "Table",
          "inputs": {
            "from": "@variables('preprintJsonArrayReportDateone')",
            "format": "HTML"
          }
        },
        "Create_HTML_table_2": {
          "runAfter": {
            "Apply_to_each_2": [
              "Succeeded"
            ]
          },
          "metadata": {
            "operationMetadataId": "19796a58-ac58-4ae8-8bc8-959da4a7eb53"
          },
          "type": "Table",
          "inputs": {
            "from": "@variables('preprintJsonArrayReportDateTwo')",
            "format": "HTML"
          }
        },
        "Send_an_email_(V2)": {
          "runAfter": {
            "Get_my_profile_(V2)": [
              "Succeeded"
            ]
          },
          "metadata": {
            "operationMetadataId": "da73dc2d-1a90-4e1e-9b85-dd97807a6c04"
          },
          "type": "OpenApiConnection",
          "inputs": {
            "host": {
              "connectionName": "shared_office365",
              "operationId": "SendEmailV2",
              "apiId": "/providers/Microsoft.PowerApps/apis/shared_office365"
            },
            "parameters": {
              "emailMessage/To": "@outputs('Get_my_profile_(V2)')?['body/mail']",
              "emailMessage/Subject": "Expense comparison between [@{triggerBody()['text']}] & [@{triggerBody()['text_1']}]",
              "emailMessage/Body": "<style>\ntable {\n  border: 1px solid #1C6EA4;\n  background-color: #EEEEEE;\n  width: 100%;\n  text-align: left;\n  border-collapse: collapse;\n}\ntable td, table th {\n  border: 1px solid #AAAAAA;\n  padding: 3px 2px;\n}\ntable tbody td {\n  font-size: 13px;\n}\ntable thead {\n  background: #1C6EA4;\n  border-bottom: 2px solid #444444;\n}\ntable thead th {\n  font-size: 15px;\n  font-weight: bold;\n  color: #FFFFFF;\n  border-left: 2px solid #D0E4F5;\n}\ntable thead th:first-child {\n  border-left: none;\n}\n</style>\n\n<p>Please, find the summary of expenses for the dates in the subject below:<br>\n<br>\n<strong>@{triggerBody()['text']}</strong> expenses:\n@{body('Create_HTML_table')}\nTotal: <strong>@{concat(outputs('Currency_Symbol'), ' ',formatnumber(variables('totalDateOne'), 'N2'))}</strong>\n<br><br>\n<strong>@{triggerBody()['text_1']}</strong> expenses:\n@{body('Create_HTML_table_2')}\nTotal: <strong>@{concat(outputs('Currency_Symbol'), ' ',formatnumber(variables('totalDateTwo'), 'N2'))}</strong>\n</p>",
              "emailMessage/Importance": "Normal"
            },
            "authentication": "@parameters('$authentication')"
          }
        },
        "totalDateOneVar": {
          "runAfter": {
            "JSONArrayReportDateTwo": [
              "Succeeded"
            ]
          },
          "metadata": {
            "operationMetadataId": "491eeb16-c917-4184-b2c4-5a5316f3e42a"
          },
          "type": "InitializeVariable",
          "inputs": {
            "variables": [
              {
                "name": "totalDateOne",
                "type": "float",
                "value": 0
              }
            ]
          }
        },
        "totalDateTwoVar": {
          "runAfter": {
            "totalDateOneVar": [
              "Succeeded"
            ]
          },
          "metadata": {
            "operationMetadataId": "e2ba166a-b4da-48b4-8518-986355e89693"
          },
          "type": "InitializeVariable",
          "inputs": {
            "variables": [
              {
                "name": "totalDateTwo",
                "type": "float",
                "value": 0
              }
            ]
          }
        },
        "Get_Currency_setting_from_SettingExpenses": {
          "runAfter": {
            "totalDateTwoVar": [
              "Succeeded"
            ]
          },
          "metadata": {
            "operationMetadataId": "2cff73d4-7065-4eb6-9063-33e972b01c9b"
          },
          "type": "OpenApiConnection",
          "inputs": {
            "host": {
              "connectionName": "shared_commondataserviceforapps",
              "operationId": "ListRecords",
              "apiId": "/providers/Microsoft.PowerApps/apis/shared_commondataserviceforapps"
            },
            "parameters": {
              "entityName": "cr849_settingsexpenseses",
              "$select": "cr849_settingvalue",
              "$filter": "cr849_name eq 'currentCurrencySymbol'",
              "$top": 1
            },
            "authentication": "@parameters('$authentication')"
          }
        },
        "Currency_Symbol": {
          "runAfter": {
            "Get_Currency_setting_from_SettingExpenses": [
              "Succeeded"
            ]
          },
          "metadata": {
            "operationMetadataId": "ffb280e4-f4b0-4827-8f3e-303482cf2dcb"
          },
          "type": "Compose",
          "inputs": "@first(outputs('Get_Currency_setting_from_SettingExpenses')?['body/value'])['cr849_settingvalue']"
        },
        "Get_my_profile_(V2)": {
          "runAfter": {
            "Create_HTML_table": [
              "Succeeded"
            ],
            "Create_HTML_table_2": [
              "Succeeded"
            ]
          },
          "metadata": {
            "operationMetadataId": "8bcddc81-b16b-494b-b7a1-42268cdcd117"
          },
          "type": "OpenApiConnection",
          "inputs": {
            "host": {
              "connectionName": "shared_office365users_1",
              "operationId": "MyProfile_V2",
              "apiId": "/providers/Microsoft.PowerApps/apis/shared_office365users"
            },
            "parameters": {},
            "authentication": "@parameters('$authentication')"
          }
        }
      }
    },
    "templateName": ""
  },
  "schemaVersion": "1.0.0.0"
}