{
  "properties": {
    "connectionReferences": {
      "shared_commondataserviceforapps": {
        "runtimeSource": "embedded",
        "connection": {
          "connectionReferenceLogicalName": "han_DataverseConnect"
        },
        "api": {
          "name": "shared_commondataserviceforapps"
        }
      },
      "shared_office365": {
        "runtimeSource": "invoker",
        "connection": {
          "connectionReferenceLogicalName": "han_sharedoffice365_cc465"
        },
        "api": {
          "name": "shared_office365"
        }
      },
      "shared_office365users_1": {
        "runtimeSource": "invoker",
        "connection": {
          "connectionReferenceLogicalName": "han_O365usersConnect"
        },
        "api": {
          "name": "shared_office365users"
        }
      }
    },
    "definition": {
      "$schema": "https://schema.management.azure.com/providers/Microsoft.Logic/schemas/2016-06-01/workflowdefinition.json#",
      "contentVersion": "1.0.0.0",
      "parameters": {
        "$connections": {
          "defaultValue": {},
          "type": "Object"
        },
        "$authentication": {
          "defaultValue": {},
          "type": "SecureObject"
        }
      },
      "triggers": {
        "manual": {
          "metadata": {
            "operationMetadataId": "69b9b741-986a-4fde-96f2-f9b5ff15b0f4"
          },
          "type": "Request",
          "kind": "PowerAppV2",
          "inputs": {
            "schema": {
              "type": "object",
              "properties": {
                "text_1": {
                  "title": "From",
                  "type": "string",
                  "x-ms-dynamically-added": true,
                  "description": "Please enter your input",
                  "x-ms-content-hint": "TEXT"
                },
                "text_2": {
                  "title": "To",
                  "type": "string",
                  "x-ms-dynamically-added": true,
                  "description": "Please enter your input",
                  "x-ms-content-hint": "TEXT"
                },
                "text": {
                  "title": "timeZone",
                  "type": "string",
                  "x-ms-dynamically-added": true,
                  "description": "Please enter your input",
                  "x-ms-content-hint": "TEXT"
                }
              },
              "required": [
                "text_1",
                "text_2",
                "text"
              ]
            }
          }
        }
      },
      "actions": {
        "Initialize_variable_2": {
          "runAfter": {},
          "metadata": {
            "operationMetadataId": "aa31a8e5-9568-4a53-841f-48db820fdf55"
          },
          "type": "InitializeVariable",
          "inputs": {
            "variables": [
              {
                "name": "preprintJsonArrayReport",
                "type": "array",
                "value": []
              }
            ]
          }
        },
        "List_rows": {
          "runAfter": {
            "Currency_Symbol": [
              "Succeeded"
            ]
          },
          "metadata": {
            "operationMetadataId": "3546e848-90a1-4908-b471-167d4d4d3fcd"
          },
          "type": "OpenApiConnection",
          "inputs": {
            "host": {
              "connectionName": "shared_commondataserviceforapps",
              "operationId": "ListRecords",
              "apiId": "/providers/Microsoft.PowerApps/apis/shared_commondataserviceforapps"
            },
            "parameters": {
              "entityName": "cr882_expensehistories",
              "$select": "cr882_expensedate,  cr882_itemcomment, cr882_itemprice, cr882_itemquantity, cr882_expensetotal, _cr882_items_value",
              "$filter": "cr882_expensedate ge '@{converttoUtc(outputs('fromFormatted'),triggerBody()['text'])}' and cr882_expensedate le '@{converttoUtc(outputs('toFormatted'),triggerBody()['text'])}' ",
              "$orderby": "cr882_expensedate asc"
            },
            "authentication": "@parameters('$authentication')"
          }
        },
        "fromFormatted": {
          "runAfter": {
            "toArray": [
              "Succeeded"
            ]
          },
          "metadata": {
            "operationMetadataId": "632d0d27-d1a5-4abe-b59d-837fc1e9109b"
          },
          "type": "Compose",
          "inputs": "@concat(variables('From')[1],'-',variables('From')[0],'-',variables('From')[2])"
        },
        "toFormatted": {
          "runAfter": {
            "fromFormatted": [
              "Succeeded"
            ]
          },
          "metadata": {
            "operationMetadataId": "c5febdac-cefc-4bee-b239-41ad0ca50112"
          },
          "type": "Compose",
          "inputs": "@concat(variables('To')[1],'-',variables('To')[0],'-',variables('To')[2])"
        },
        "fromArray": {
          "runAfter": {
            "Initialize_variable_2": [
              "Succeeded"
            ]
          },
          "metadata": {
            "operationMetadataId": "be74c1f8-e936-4e53-9b0d-1f39a9144df0"
          },
          "type": "InitializeVariable",
          "inputs": {
            "variables": [
              {
                "name": "From",
                "type": "array",
                "value": "@split(triggerBody()['text_1'],'/')"
              }
            ]
          }
        },
        "toArray": {
          "runAfter": {
            "fromArray": [
              "Succeeded"
            ]
          },
          "metadata": {
            "operationMetadataId": "697816d2-dc4d-49aa-acff-323a4ac1376d"
          },
          "type": "InitializeVariable",
          "inputs": {
            "variables": [
              {
                "name": "To",
                "type": "array",
                "value": "@split(triggerBody()['text_2'],'/')"
              }
            ]
          }
        },
        "Detailed_HTML_table_report": {
          "runAfter": {
            "Apply_to_each": [
              "Succeeded"
            ]
          },
          "metadata": {
            "operationMetadataId": "c458008b-39da-4d05-8463-19d892fdb441"
          },
          "type": "Table",
          "inputs": {
            "from": "@variables('preprintJsonArrayReport')",
            "format": "HTML"
          }
        },
        "Object_that_will_contain_summary_of_expenses": {
          "runAfter": {
            "toFormatted": [
              "Succeeded"
            ]
          },
          "metadata": {
            "operationMetadataId": "98210981-7253-4120-83c1-08d4cc063797"
          },
          "type": "InitializeVariable",
          "inputs": {
            "variables": [
              {
                "name": "summaryPerCategory",
                "type": "object",
                "value": {}
              }
            ]
          }
        },
        "Var_that_will_contain_category_for_summary_of_expenses": {
          "runAfter": {
            "Object_that_will_contain_summary_of_items": [
              "Succeeded"
            ]
          },
          "metadata": {
            "operationMetadataId": "24ad882c-31c1-4f62-9767-a9dabbc9fa42"
          },
          "type": "InitializeVariable",
          "inputs": {
            "variables": [
              {
                "name": "categoryVar",
                "type": "string"
              }
            ]
          },
          "description": "This is strictly to validate properties for summaryPerCategory and add/sum them."
        },
        "Format_JSON_to_convert_to_XML": {
          "runAfter": {
            "Detailed_HTML_table_report": [
              "Succeeded"
            ]
          },
          "metadata": {
            "operationMetadataId": "d58e83df-a7d2-4e62-a658-11c1b3f0edff"
          },
          "type": "Compose",
          "inputs": {
            "root": "@variables('summaryPerCategory')"
          }
        },
        "Apply_to_each": {
          "foreach": "@outputs('List_rows')?['body/value']",
          "actions": {
            "Get_a_row_by_ID": {
              "runAfter": {},
              "metadata": {
                "operationMetadataId": "4ee148ff-6603-4606-930e-896fc78bf214"
              },
              "type": "OpenApiConnection",
              "inputs": {
                "host": {
                  "connectionName": "shared_commondataserviceforapps",
                  "operationId": "GetItem",
                  "apiId": "/providers/Microsoft.PowerApps/apis/shared_commondataserviceforapps"
                },
                "parameters": {
                  "entityName": "cr882_itemses",
                  "recordId": "@items('Apply_to_each')?['_cr882_items_value']"
                },
                "authentication": "@parameters('$authentication')"
              }
            },
            "Append_to_array_variable": {
              "runAfter": {
                "Get_a_row_by_ID": [
                  "Succeeded"
                ]
              },
              "metadata": {
                "operationMetadataId": "06ba82b1-7eda-4f73-8b5e-2e6cda61f2ee"
              },
              "type": "AppendToArrayVariable",
              "inputs": {
                "name": "preprintJsonArrayReport",
                "value": {
                  "Category": "@outputs('Get_a_row_by_ID')?['body/_cr882_fk_typeexpense_value@OData.Community.Display.V1.FormattedValue']",
                  "Item": "@outputs('Get_a_row_by_ID')?['body/cr882_itemname']",
                  "Date": "@formatDateTime(convertFromUtc(items('Apply_to_each')?['cr882_expensedate'],triggerBody()['text']), 'yyyy-M-dd')",
                  "Comment": "@items('Apply_to_each')?['cr882_itemcomment']",
                  "Price": "@concat(outputs('Currency_Symbol'), ' ', formatnumber(float(items('Apply_to_each')?['cr882_itemprice']), 'N2'))",
                  "Quantity": "@items('Apply_to_each')?['cr882_itemquantity']",
                  "Total": "@concat(outputs('Currency_Symbol'), ' ', formatnumber(float(items('Apply_to_each')?['cr882_expensetotal']), 'N2'))"
                }
              }
            },
            "Compose": {
              "runAfter": {
                "Set_variable": [
                  "Succeeded"
                ]
              },
              "metadata": {
                "operationMetadataId": "38285b83-b8b8-460c-9c0e-65511d8a0189"
              },
              "type": "Compose",
              "inputs": "@if(\r\n    equals(\r\n        variables('summaryPerCategory')?[variables('categoryVar')], null\r\n        ), \r\n        addProperty(\r\n            variables('summaryPerCategory'), \r\n            variables('categoryVar'), \r\n            items('Apply_to_each')?['cr882_expensetotal']\r\n            ),\r\n        setProperty(\r\n            variables('summaryPerCategory'), \r\n            variables('categoryVar'),\r\n            add(\r\n                variables('summaryPerCategory')?[variables('categoryVar')], \r\n                items('Apply_to_each')?['cr882_expensetotal']\r\n                )\r\n            )\r\n    )",
              "description": "Where the magic occurs: Either we add a new category:value to object to summaryPerCategory if it does not exist [Null] or we sum() its values."
            },
            "Set_variable": {
              "runAfter": {
                "Append_to_array_variable": [
                  "Succeeded"
                ]
              },
              "metadata": {
                "operationMetadataId": "ab51f9e2-da18-498a-9b42-c2b1b25019ac"
              },
              "type": "SetVariable",
              "inputs": {
                "name": "categoryVar",
                "value": "@{outputs('Get_a_row_by_ID')?['body/_cr882_fk_typeexpense_value@OData.Community.Display.V1.FormattedValue']}"
              },
              "description": "We use this var to loop through summaryPerCategory object and either add category or sum its values in next operation"
            },
            "Set_variable_2": {
              "runAfter": {
                "Compose": [
                  "Succeeded"
                ]
              },
              "metadata": {
                "operationMetadataId": "72c425e4-3b5f-4c84-a1fb-b141d60fae32"
              },
              "type": "SetVariable",
              "inputs": {
                "name": "summaryPerCategory",
                "value": "@outputs('Compose')"
              },
              "description": "Then we assigned the newly edited object to summaryPerCategory"
            },
            "Set_variable_3": {
              "runAfter": {
                "Set_variable_2": [
                  "Succeeded"
                ]
              },
              "metadata": {
                "operationMetadataId": "a46d3be0-ab8e-4365-83dd-060a5e986396"
              },
              "type": "SetVariable",
              "inputs": {
                "name": "itemVar",
                "value": "@outputs('Get_a_row_by_ID')?['body/cr882_itemname']"
              },
              "description": "We use this var to loop through summaryPerItem object and either add Item or sum its values in next operation"
            },
            "Compose_2": {
              "runAfter": {
                "Set_variable_3": [
                  "Succeeded"
                ]
              },
              "metadata": {
                "operationMetadataId": "a06f823b-905f-43af-a87b-0e14a36ca036"
              },
              "type": "Compose",
              "inputs": "@if(\r\n    equals(\r\n        variables('summaryPerItem')?[variables('itemVar')], null\r\n        ), \r\n        addProperty(\r\n            variables('summaryPerItem'), \r\n            variables('itemVar'), \r\n            items('Apply_to_each')?['cr882_expensetotal']\r\n            ),\r\n        setProperty(\r\n            variables('summaryPerItem'), \r\n            variables('itemVar'),\r\n            add(\r\n                variables('summaryPerItem')?[variables('itemVar')], \r\n                items('Apply_to_each')?['cr882_expensetotal']\r\n                )\r\n            )\r\n    )",
              "description": "Either we add a new item:total to object to summaryPerItem if it does not exist [Null] or we sum() its values"
            },
            "Set_variable_4": {
              "runAfter": {
                "Compose_2": [
                  "Succeeded"
                ]
              },
              "metadata": {
                "operationMetadataId": "bd3c7dea-20f0-401a-8e2c-8adffe82f77f"
              },
              "type": "SetVariable",
              "inputs": {
                "name": "summaryPerItem",
                "value": "@outputs('Compose_2')"
              }
            }
          },
          "runAfter": {
            "NoOfRowsreturned": [
              "Succeeded"
            ]
          },
          "metadata": {
            "operationMetadataId": "bf34427a-0917-4241-b70c-5d8852ad857e"
          },
          "type": "Foreach",
          "runtimeConfiguration": {
            "concurrency": {
              "repetitions": 1
            }
          }
        },
        "XML_Conversion": {
          "runAfter": {
            "Format_JSON_to_convert_to_XML": [
              "Succeeded"
            ]
          },
          "metadata": {
            "operationMetadataId": "5d8f10fd-5271-46e7-b3d9-1ac8457af63f"
          },
          "type": "Compose",
          "inputs": "@xpath(xml(outputs('Format_JSON_to_convert_to_XML')), '/root/*')"
        },
        "XML_to_JSON_with_labels": {
          "runAfter": {
            "XML_Conversion": [
              "Succeeded"
            ]
          },
          "metadata": {
            "operationMetadataId": "e3d806ca-6164-4f18-8c11-0e81e996c4e4"
          },
          "type": "Select",
          "inputs": {
            "from": "@outputs('XML_Conversion')",
            "select": {
              "Category": "@replace(xpath(item(), 'name(/*)'),'_x0020_',' ')",
              "Total": "@concat(outputs('Currency_Symbol'), ' ', formatNumber(float(xpath(\r\n    item(), \r\n    concat(\r\n        xpath(item(), 'name(/*)'),\r\n        '/text()'\r\n        )\r\n    )[0]\r\n), 'N2'))"
            }
          }
        },
        "HTML_table_Category_Summary": {
          "runAfter": {
            "XML_to_JSON_with_labels": [
              "Succeeded"
            ]
          },
          "metadata": {
            "operationMetadataId": "e2d5c0ba-f60c-4070-ba8d-4a845310ca19"
          },
          "type": "Table",
          "inputs": {
            "from": "@body('XML_to_JSON_with_labels')",
            "format": "HTML"
          }
        },
        "Object_that_will_contain_summary_of_items": {
          "runAfter": {
            "Object_that_will_contain_summary_of_expenses": [
              "Succeeded"
            ]
          },
          "metadata": {
            "operationMetadataId": "3ae36602-1667-4c44-83b9-9e3629344c35"
          },
          "type": "InitializeVariable",
          "inputs": {
            "variables": [
              {
                "name": "summaryPerItem",
                "type": "object",
                "value": {}
              }
            ]
          }
        },
        "Var_that_will_contain_item_for_summary_of_expenses": {
          "runAfter": {
            "Var_that_will_contain_category_for_summary_of_expenses": [
              "Succeeded"
            ]
          },
          "metadata": {
            "operationMetadataId": "dc667675-bef2-4d8c-ae45-e0048bfb4052"
          },
          "type": "InitializeVariable",
          "inputs": {
            "variables": [
              {
                "name": "itemVar",
                "type": "string"
              }
            ]
          },
          "description": "This is strictly to validate properties for summaryPerItem and add/sum them."
        },
        "Format_JSON_(item)_to_convert_to_XML": {
          "runAfter": {
            "HTML_table_Category_Summary": [
              "Succeeded"
            ]
          },
          "metadata": {
            "operationMetadataId": "d58e83df-a7d2-4e62-a658-11c1b3f0edff"
          },
          "type": "Compose",
          "inputs": {
            "root": "@variables('summaryPerItem')"
          }
        },
        "XML_Conversion_(item)": {
          "runAfter": {
            "Format_JSON_(item)_to_convert_to_XML": [
              "Succeeded"
            ]
          },
          "metadata": {
            "operationMetadataId": "5d8f10fd-5271-46e7-b3d9-1ac8457af63f"
          },
          "type": "Compose",
          "inputs": "@xpath(xml(outputs('Format_JSON_(item)_to_convert_to_XML')), '/root/*')"
        },
        "XML_to_JSON_with_labels_(item)": {
          "runAfter": {
            "XML_Conversion_(item)": [
              "Succeeded"
            ]
          },
          "metadata": {
            "operationMetadataId": "e3d806ca-6164-4f18-8c11-0e81e996c4e4"
          },
          "type": "Select",
          "inputs": {
            "from": "@outputs('XML_Conversion_(item)')",
            "select": {
              "Category": "@replace(xpath(item(), 'name(/*)'), '_x0020_', ' ')",
              "Total": "@concat(outputs('Currency_Symbol'), ' ', formatNumber(float(xpath(item(), concat(xpath(item(), 'name(/*)'), '/text()'))[0]), 'N2'))"
            }
          }
        },
        "HTML_table_Items_Summary": {
          "runAfter": {
            "XML_to_JSON_with_labels_(item)": [
              "Succeeded"
            ]
          },
          "metadata": {
            "operationMetadataId": "e2d5c0ba-f60c-4070-ba8d-4a845310ca19"
          },
          "type": "Table",
          "inputs": {
            "from": "@body('XML_to_JSON_with_labels_(item)')",
            "format": "HTML"
          }
        },
        "Get_Currency_setting_from_SettingExpenses": {
          "runAfter": {
            "Var_that_will_contain_item_for_summary_of_expenses": [
              "Succeeded"
            ]
          },
          "metadata": {
            "operationMetadataId": "2cff73d4-7065-4eb6-9063-33e972b01c9b"
          },
          "type": "OpenApiConnection",
          "inputs": {
            "host": {
              "connectionName": "shared_commondataserviceforapps",
              "operationId": "ListRecords",
              "apiId": "/providers/Microsoft.PowerApps/apis/shared_commondataserviceforapps"
            },
            "parameters": {
              "entityName": "cr849_settingsexpenseses",
              "$select": "cr849_settingvalue",
              "$filter": "cr849_name eq 'currentCurrencySymbol'",
              "$top": 1
            },
            "authentication": "@parameters('$authentication')"
          }
        },
        "Currency_Symbol": {
          "runAfter": {
            "Get_Currency_setting_from_SettingExpenses": [
              "Succeeded"
            ]
          },
          "metadata": {
            "operationMetadataId": "ffb280e4-f4b0-4827-8f3e-303482cf2dcb"
          },
          "type": "Compose",
          "inputs": "@first(outputs('Get_Currency_setting_from_SettingExpenses')?['body/value'])['cr849_settingvalue']"
        },
        "NoOfRowsreturned": {
          "runAfter": {
            "List_rows": [
              "Succeeded"
            ]
          },
          "metadata": {
            "operationMetadataId": "43159758-e83b-4cb0-b3ed-e5a65220fbf6"
          },
          "type": "Compose",
          "inputs": "@length(outputs('List_rows')?['body/value'])"
        },
        "Condition": {
          "actions": {
            "Send_an_email_(V2)_2": {
              "runAfter": {},
              "metadata": {
                "operationMetadataId": "8a7f5f69-4547-47ce-866b-8be02ae51071"
              },
              "type": "OpenApiConnection",
              "inputs": {
                "host": {
                  "connectionName": "shared_office365",
                  "operationId": "SendEmailV2",
                  "apiId": "/providers/Microsoft.PowerApps/apis/shared_office365"
                },
                "parameters": {
                  "emailMessage/To": "@outputs('Get_my_profile_(V2)')?['body/mail']",
                  "emailMessage/Subject": "Expenses between @{triggerBody()['text_1']} and @{triggerBody()['text_2']}",
                  "emailMessage/Body": "<style>\ntable {\n  border: 1px solid #1C6EA4;\n  background-color: #EEEEEE;\n  width: 100%;\n  text-align: left;\n  border-collapse: collapse;\n}\ntable td, table th {\n  border: 1px solid #AAAAAA;\n  padding: 3px 2px;\n}\ntable tbody td {\n  font-size: 13px;\n}\ntable thead {\n  background: #1C6EA4;\n  border-bottom: 2px solid #444444;\n}\ntable thead th {\n  font-size: 15px;\n  font-weight: bold;\n  color: #FFFFFF;\n  border-left: 2px solid #D0E4F5;\n}\ntable thead th:first-child {\n  border-left: none;\n}\n</style>\n\n<p>Please, find the summary of expenses for the range in the subject below:<br>\n<br>\n<strong>No records were found between @{triggerBody()['text_1']} and @{triggerBody()['text_2']}</strong><br>",
                  "emailMessage/Importance": "Normal"
                },
                "authentication": "@parameters('$authentication')"
              }
            }
          },
          "runAfter": {
            "Get_my_profile_(V2)": [
              "Succeeded"
            ]
          },
          "else": {
            "actions": {
              "Send_an_email_(V2)": {
                "runAfter": {},
                "metadata": {
                  "operationMetadataId": "da73dc2d-1a90-4e1e-9b85-dd97807a6c04"
                },
                "type": "OpenApiConnection",
                "inputs": {
                  "host": {
                    "connectionName": "shared_office365",
                    "operationId": "SendEmailV2",
                    "apiId": "/providers/Microsoft.PowerApps/apis/shared_office365"
                  },
                  "parameters": {
                    "emailMessage/To": "@outputs('Get_my_profile_(V2)')?['body/mail']",
                    "emailMessage/Subject": "Expenses between @{triggerBody()['text_1']} and @{triggerBody()['text_2']}",
                    "emailMessage/Body": "<style>\ntable {\n  border: 1px solid #1C6EA4;\n  background-color: #EEEEEE;\n  width: 100%;\n  text-align: left;\n  border-collapse: collapse;\n}\ntable td, table th {\n  border: 1px solid #AAAAAA;\n  padding: 3px 2px;\n}\ntable tbody td {\n  font-size: 13px;\n}\ntable thead {\n  background: #1C6EA4;\n  border-bottom: 2px solid #444444;\n}\ntable thead th {\n  font-size: 15px;\n  font-weight: bold;\n  color: #FFFFFF;\n  border-left: 2px solid #D0E4F5;\n}\ntable thead th:first-child {\n  border-left: none;\n}\n</style>\n\n<p>Please, find the summary of expenses for the range in the subject below:<br>\n<br>\n<strong>Summary per Category:</strong><br>\n@{body('HTML_table_Category_Summary')}<br>\n<strong>Summary per Item:</strong><br>\n@{body('HTML_table_Items_Summary')}<br>\n<strong>Detailed report of expenses:</strong><br>\n@{body('Detailed_HTML_table_report')}</p>",
                    "emailMessage/Importance": "Normal"
                  },
                  "authentication": "@parameters('$authentication')"
                }
              }
            }
          },
          "expression": {
            "equals": [
              "@outputs('NoOfRowsreturned')",
              0
            ]
          },
          "metadata": {
            "operationMetadataId": "05f05bd5-1f50-4cfb-9768-004bb72e92cd"
          },
          "type": "If"
        },
        "Get_my_profile_(V2)": {
          "runAfter": {
            "HTML_table_Items_Summary": [
              "Succeeded"
            ]
          },
          "metadata": {
            "operationMetadataId": "72b8f5fd-dfa0-41d1-8c20-45d1d4bab268"
          },
          "type": "OpenApiConnection",
          "inputs": {
            "host": {
              "connectionName": "shared_office365users_1",
              "operationId": "MyProfile_V2",
              "apiId": "/providers/Microsoft.PowerApps/apis/shared_office365users"
            },
            "parameters": {},
            "authentication": "@parameters('$authentication')"
          }
        }
      }
    },
    "templateName": ""
  },
  "schemaVersion": "1.0.0.0"
}